{
    "ood_for_mnli":{
        "mnli_mismatched":{
            "accuracy":0.8578112286411717
        },
        "snli":{
            "accuracy":0.7778311748446028
        },
        "sick_num3":{
            "accuracy":0.5488821138211382
        }
    },
    "ood_for_stsb":{
        "sick_num5":{
            "pearson":0.7210305843270395,
            "spearmanr":0.6621609246164568
        }
    },
    "ood_for_rte":{
        "mrpc":{
            "accuracy":0.5480863591756624
        },
        "qqp":{
            "accuracy":0.6708758372992708
        },
        "hans":{
            "accuracy":0.5594666666666667
        },
        "scitail":{
            "accuracy":0.7725336449655068
        }
    },
    "ood_for_mrpc":{
        "qqp":{
            "accuracy":0.6846782890896318,
            "f1":0.621659241935436
        },
        "rte":{
            "accuracy":0.5193350198771233,
            "f1":0.18704156479217607
        },
        "hans":{
            "accuracy":0.5113166666666666,
            "f1":0.6367791886032828
        },
        "twitter":{
            "accuracy":0.7929904035286404,
            "f1":0.21050238690611503
        }
    },
    "ood_for_qnli":{
        "qnli_ood":{
            "accuracy":0.7770340932859234
        }
    },
    "ood_for_qqp":{
        "mrpc":{
            "accuracy":0.6494111874386653,
            "f1":0.721822075141133
        },
        "rte":{
            "accuracy":0.5424647632815324,
            "f1":0.32731137088204043
        },
        "hans":{
            "accuracy":0.5314,
            "f1":0.5130922693266832
        },
        "twitter":{
            "accuracy":0.7931692197651546,
            "f1":0.5369629036562583
        }
    },
    "ood_for_sst2":{
        "imdb":{
            "accuracy":0.89606
        },
        "yelp_polarity":{
            "accuracy":0.9223545150501672
        },
        "amazon_polarity":{
            "accuracy":0.9170975
        },
        "flipkart":{
            "accuracy":0.9214742417370184
        }
    },
    "ood_for_cola":{
        "cola_ood":{
            "matthews_correlation":0.17261436332195845
        }
    }
}
