{
    "annotator_0":{
        "accuracy":0.868421052631579
    },
    "annotator_1":{
        "accuracy":0.8585526315789473
    },
    "avg_metric":{
        "accuracy":0.8634868421052632
    }
}
