{
    "annotator_0":{
        "accuracy":0.8590163934426229
    },
    "annotator_1":{
        "accuracy":0.8622950819672132
    },
    "avg_metric":{
        "accuracy":0.860655737704918
    }
}
