{
    "annotator_0":{
        "accuracy":0.9113149847094801
    },
    "annotator_1":{
        "accuracy":0.9357798165137615
    },
    "avg_metric":{
        "accuracy":0.9235474006116209
    }
}
