{
    "annotator_0":{
        "accuracy":0.8419354838709677
    },
    "annotator_1":{
        "accuracy":0.832258064516129
    },
    "avg_metric":{
        "accuracy":0.8370967741935484
    }
}
