{
    "annotator_0":{
        "accuracy":0.8350515463917526
    },
    "annotator_1":{
        "accuracy":0.865979381443299
    },
    "avg_metric":{
        "accuracy":0.8505154639175259
    }
}
