{
    "annotator_0":{
        "accuracy":0.8556701030927835
    },
    "annotator_1":{
        "accuracy":0.8505154639175257
    },
    "avg_metric":{
        "accuracy":0.8530927835051546
    }
}
