{
    "annotator_0":{
        "accuracy":0.83,
        "f1":0.6382978723404255
    },
    "annotator_1":{
        "accuracy":0.836,
        "f1":0.6306306306306305
    },
    "avg_metric":{
        "accuracy":0.833,
        "f1":0.634464251485528
    }
}
