{
    "ood_for_mnli":{
        "mnli_mismatched":{
            "accuracy":0.8545565500406835
        },
        "snli":{
            "accuracy":0.7936374861440458
        },
        "sick_num3":{
            "accuracy":0.5516260162601626
        }
    },
    "ood_for_stsb":{
        "sick_num5":{
            "pearson":0.7343912839740531,
            "spearmanr":0.660773189660686
        }
    },
    "ood_for_rte":{
        "mrpc":{
            "accuracy":0.5689401373895977
        },
        "qqp":{
            "accuracy":0.6764067122460893
        },
        "hans":{
            "accuracy":0.5459333333333334
        },
        "scitail":{
            "accuracy":0.7534587401515437
        }
    },
    "ood_for_mrpc":{
        "qqp":{
            "accuracy":0.6682192363632766,
            "f1":0.6306670962163828
        },
        "rte":{
            "accuracy":0.5056017347307553,
            "f1":0.12755102040816324
        },
        "hans":{
            "accuracy":0.48596666666666666,
            "f1":0.5443236215353703
        },
        "twitter":{
            "accuracy":0.814805984383382,
            "f1":0.36862426336110543
        }
    },
    "ood_for_qnli":{
        "qnli_ood":{
            "accuracy":0.7879355783308931
        }
    },
    "ood_for_qqp":{
        "mrpc":{
            "accuracy":0.6798331697742885,
            "f1":0.7508115333206035
        },
        "rte":{
            "accuracy":0.543548970003614,
            "f1":0.27455485353245257
        },
        "hans":{
            "accuracy":0.5423666666666667,
            "f1":0.4025674499564839
        },
        "twitter":{
            "accuracy":0.7760624664719556,
            "f1":0.5637989086264948
        }
    },
    "ood_for_sst2":{
        "imdb":{
            "accuracy":0.90718
        },
        "yelp_polarity":{
            "accuracy":0.9186404682274247
        },
        "amazon_polarity":{
            "accuracy":0.910344
        },
        "flipkart":{
            "accuracy":0.9226203539779849
        }
    },
    "ood_for_cola":{
        "cola_ood":{
            "matthews_correlation":0.1677328729944391
        }
    }
}
