{
    "ood_for_mnli":{
        "snli":{
            "accuracy":0.7448592655993489
        },
        "mnli_mismatched":{
            "accuracy":0.8346216436126932
        },
        "sick_num3":{
            "accuracy":0.5405487804878049
        }
    },
    "ood_for_stsb":{
        "sick_num5":{
            "pearson":0.735083483533809,
            "spearmanr":0.7165474620541373
        }
    },
    "ood_for_rte":{
        "mrpc":{
            "accuracy":0.6005888125613347
        },
        "qqp":{
            "accuracy":0.7834103434287467
        },
        "hans":{
            "accuracy":0.5144166666666666
        },
        "scitail":{
            "accuracy":0.7648810645757154
        }
    },
    "ood_for_mrpc":{
        "qqp":{
            "accuracy":0.7430864063164768,
            "f1":0.70447677958675
        },
        "rte":{
            "accuracy":0.5186122153957354,
            "f1":0.24232081911262796
        },
        "hans":{
            "accuracy":0.53125,
            "f1":0.5551179234091016
        },
        "twitter":{
            "accuracy":0.8375752518328664,
            "f1":0.5801879525496841
        }
    },
    "ood_for_qnli":{
        "qnli_ood":{
            "accuracy":0.7744070278184481
        }
    },
    "ood_for_qqp":{
        "mrpc":{
            "accuracy":0.6459764474975466,
            "f1":0.716000787246605
        },
        "rte":{
            "accuracy":0.5460787856884712,
            "f1":0.3060773480662983
        },
        "hans":{
            "accuracy":0.5174833333333333,
            "f1":0.504679293058906
        },
        "twitter":{
            "accuracy":0.7907253978661263,
            "f1":0.5368684870069912
        }
    },
    "ood_for_sst2":{
        "imdb":{
            "accuracy":0.88502
        },
        "yelp_polarity":{
            "accuracy":0.9058879598662207
        },
        "amazon_polarity":{
            "accuracy":0.879096
        },
        "flipkart":{
            "accuracy":0.9060236733141177
        }
    },
    "ood_for_cola":{
        "cola_ood":{
            "matthews_correlation":0.10546639310696461
        }
    }
}
