{
    "ood_for_mnli":{
        "mnli_mismatched":{
            "accuracy":0.8202807160292921
        },
        "snli":{
            "accuracy":0.7431527031388121
        },
        "sick_num3":{
            "accuracy":0.5447154471544715
        }
    },
    "ood_for_stsb":{
        "sick_num5":{
            "pearson":0.693041846662655,
            "spearmanr":0.6304890243633987
        }
    },
    "ood_for_rte":{
        "mrpc":{
            "accuracy":0.5424435721295388
        },
        "qqp":{
            "accuracy":0.6611201258546142
        },
        "hans":{
            "accuracy":0.51865
        },
        "scitail":{
            "accuracy":0.656576318467976
        }
    },
    "ood_for_mrpc":{
        "qqp":{
            "accuracy":0.6327360516083071,
            "f1":0.6313829470297325
        },
        "rte":{
            "accuracy":0.5243946512468377,
            "f1":0.30809674027339645
        },
        "hans":{
            "accuracy":0.5190333333333333,
            "f1":0.5673463268365817
        },
        "twitter":{
            "accuracy":0.8015139774691542,
            "f1":0.3995672556797692
        }
    },
    "ood_for_qnli":{
        "qnli_ood":{
            "accuracy":0.7426563480443422
        }
    },
    "ood_for_qqp":{
        "mrpc":{
            "accuracy":0.6472031403336604,
            "f1":0.7167060677698976
        },
        "rte":{
            "accuracy":0.5204192265992049,
            "f1":0.2020444978953698
        },
        "hans":{
            "accuracy":0.5277166666666666,
            "f1":0.4728882605703232
        },
        "twitter":{
            "accuracy":0.8038385885438398,
            "f1":0.4305243121647344
        }
    },
    "ood_for_sst2":{
        "imdb":{
            "accuracy":0.86994
        },
        "yelp_polarity":{
            "accuracy":0.8636153846153846
        },
        "amazon_polarity":{
            "accuracy":0.86146425
        },
        "flipkart":{
            "accuracy":0.8871932930487073
        }
    },
    "ood_for_cola":{
        "cola_ood":{
            "matthews_correlation":0.12372875565755599
        }
    }
}
