{
    "ood_for_mnli":{
        "mnli_mismatched":{
            "accuracy":0.8596419853539463
        },
        "snli":{
            "accuracy":0.7928605003577993
        },
        "sick_num3":{
            "accuracy":0.5901422764227642
        }
    },
    "ood_for_stsb":{
        "sick_num5":{
            "pearson":0.7222394383216937,
            "spearmanr":0.6435027044038434
        }
    },
    "ood_for_rte":{
        "mrpc":{
            "accuracy":0.6557899901864573
        },
        "qqp":{
            "accuracy":0.7114867071010893
        },
        "hans":{
            "accuracy":0.5682166666666667
        },
        "scitail":{
            "accuracy":0.7010969955140046
        }
    },
    "ood_for_mrpc":{
        "qqp":{
            "accuracy":0.6367778448386746,
            "f1":0.6358717484563692
        },
        "rte":{
            "accuracy":0.5193350198771233,
            "f1":0.2578125
        },
        "hans":{
            "accuracy":0.4908666666666667,
            "f1":0.5427356824237344
        },
        "twitter":{
            "accuracy":0.7627108541455564,
            "f1":0.4582936453939312
        }
    },
    "ood_for_qnli":{
        "qnli_ood":{
            "accuracy":0.7686509098514955
        }
    },
    "ood_for_qqp":{
        "mrpc":{
            "accuracy":0.6278213935230619,
            "f1":0.6929771301356001
        },
        "rte":{
            "accuracy":0.5417419588001445,
            "f1":0.2762557077625571
        },
        "hans":{
            "accuracy":0.5345333333333333,
            "f1":0.41458097513939546
        },
        "twitter":{
            "accuracy":0.7964475174345831,
            "f1":0.513324782670657
        }
    },
    "ood_for_sst2":{
        "imdb":{
            "accuracy":0.90022
        },
        "yelp_polarity":{
            "accuracy":0.9322023411371237
        },
        "amazon_polarity":{
            "accuracy":0.9097425
        },
        "flipkart":{
            "accuracy":0.9194648875103029
        }
    },
    "ood_for_cola":{
        "cola_ood":{
            "matthews_correlation":0.13526520823536342
        }
    }
}
