{
    "ood_for_mnli":{
        "mnli_mismatched":{
            "accuracy":0.8524206672091131
        },
        "snli":{
            "accuracy":0.7927920975459176
        },
        "sick_num3":{
            "accuracy":0.5635162601626016
        }
    },
    "ood_for_stsb":{
        "sick_num5":{
            "pearson":0.7351411549127684,
            "spearmanr":0.6771262909120311
        }
    },
    "ood_for_rte":{
        "mrpc":{
            "accuracy":0.5215897939156036
        },
        "qqp":{
            "accuracy":0.7260139112883278
        },
        "hans":{
            "accuracy":0.6260333333333333
        },
        "scitail":{
            "accuracy":0.7846722207562107
        }
    },
    "ood_for_mrpc":{
        "qqp":{
            "accuracy":0.6200615421147929,
            "f1":0.6324901662407764
        },
        "rte":{
            "accuracy":0.5269244669316949,
            "f1":0.21097046413502107
        },
        "hans":{
            "accuracy":0.5100833333333333,
            "f1":0.6101510590045225
        },
        "twitter":{
            "accuracy":0.8036597723073255,
            "f1":0.4257322175732217
        }
    },
    "ood_for_qnli":{
        "qnli_ood":{
            "accuracy":0.7576992261033256
        }
    },
    "ood_for_qqp":{
        "mrpc":{
            "accuracy":0.6862119725220804,
            "f1":0.7735080573755977
        },
        "rte":{
            "accuracy":0.5648717022045536,
            "f1":0.4132553606237817
        },
        "hans":{
            "accuracy":0.5360833333333334,
            "f1":0.5606641728617201
        },
        "twitter":{
            "accuracy":0.7899505275078977,
            "f1":0.5567295597484277
        }
    },
    "ood_for_sst2":{
        "imdb":{
            "accuracy":0.9013
        },
        "yelp_polarity":{
            "accuracy":0.93038127090301
        },
        "amazon_polarity":{
            "accuracy":0.9153245
        },
        "flipkart":{
            "accuracy":0.9168751615530553
        }
    },
    "ood_for_cola":{
        "cola_ood":{
            "matthews_correlation":0.17317115577074396
        }
    }
}
