{
    "ood_for_mnli":{
        "mnli_mismatched":{
            "accuracy":0.8605573637103336
        },
        "snli":{
            "accuracy":0.7931674360521405
        },
        "sick_num3":{
            "accuracy":0.5758130081300813
        }
    },
    "ood_for_stsb":{
        "sick_num5":{
            "pearson":0.7495249177582526,
            "spearmanr":0.6996349804076558
        }
    },
    "ood_for_rte":{
        "mrpc":{
            "accuracy":0.6425417075564279
        },
        "qqp":{
            "accuracy":0.7185858176097517
        },
        "hans":{
            "accuracy":0.5813666666666667
        },
        "scitail":{
            "accuracy":0.684208542239982
        }
    },
    "ood_for_mrpc":{
        "qqp":{
            "accuracy":0.6300621357686333,
            "f1":0.6387991933438794
        },
        "rte":{
            "accuracy":0.5251174557282255,
            "f1":0.28664495114006516
        },
        "hans":{
            "accuracy":0.51715,
            "f1":0.5334256679496884
        },
        "twitter":{
            "accuracy":0.8186803361745246,
            "f1":0.5747833379927314
        }
    },
    "ood_for_qnli":{
        "qnli_ood":{
            "accuracy":0.7877347835180925
        }
    },
    "ood_for_qqp":{
        "mrpc":{
            "accuracy":0.627576054955839,
            "f1":0.6876543209876542
        },
        "rte":{
            "accuracy":0.5359595229490423,
            "f1":0.23752969121140138
        },
        "hans":{
            "accuracy":0.5322833333333333,
            "f1":0.48020893144899884
        },
        "twitter":{
            "accuracy":0.8133158490790964,
            "f1":0.5657237936772047
        }
    },
    "ood_for_sst2":{
        "imdb":{
            "accuracy":0.90088
        },
        "yelp_polarity":{
            "accuracy":0.9357642140468228
        },
        "amazon_polarity":{
            "accuracy":0.916226
        },
        "flipkart":{
            "accuracy":0.9066918323652343
        }
    },
    "ood_for_cola":{
        "cola_ood":{
            "matthews_correlation":0.12901373049461648
        }
    }
}
