{
    "ood_for_mnli":{
        "mnli_mismatched":{
            "accuracy":0.8933075671277462
        },
        "snli":{
            "accuracy":0.8607108279897291
        },
        "sick_num3":{
            "accuracy":0.5644308943089431
        }
    },
    "ood_for_stsb":{
        "sick_num5":{
            "pearson":0.798546142245896,
            "spearmanr":0.7596676280827549
        }
    },
    "ood_for_rte":{
        "mrpc":{
            "accuracy":0.662414131501472
        },
        "qqp":{
            "accuracy":0.7401972909596415
        },
        "hans":{
            "accuracy":0.7378
        },
        "scitail":{
            "accuracy":0.819014588909413
        }
    },
    "ood_for_mrpc":{
        "qqp":{
            "accuracy":0.7094707576012427,
            "f1":0.6426667802467934
        },
        "rte":{
            "accuracy":0.5160823997108782,
            "f1":0.15944758317639676
        },
        "hans":{
            "accuracy":0.5087166666666667,
            "f1":0.4601578667838763
        },
        "twitter":{
            "accuracy":0.8297669428384097,
            "f1":0.42558326629123094
        }
    },
    "ood_for_qnli":{
        "qnli_ood":{
            "accuracy":0.7967203513909225
        }
    },
    "ood_for_qqp":{
        "mrpc":{
            "accuracy":0.7247301275760549,
            "f1":0.8071502234444825
        },
        "rte":{
            "accuracy":0.5576436573906758,
            "f1":0.32524807056229327
        },
        "hans":{
            "accuracy":0.6185333333333334,
            "f1":0.6108674215376245
        },
        "twitter":{
            "accuracy":0.8418072360970376,
            "f1":0.6707196029776675
        }
    },
    "ood_for_sst2":{
        "imdb":{
            "accuracy":0.92704
        },
        "yelp_polarity":{
            "accuracy":0.9487207357859532
        },
        "amazon_polarity":{
            "accuracy":0.928643
        },
        "flipkart":{
            "accuracy":0.9185236123507006
        }
    },
    "ood_for_cola":{
        "cola_ood":{
            "matthews_correlation":0.25903613343511667
        }
    }
}
