{
    "ood_for_mnli":{
        "mnli_mismatched":{
            "accuracy":0.8700162733930025
        },
        "snli":{
            "accuracy":0.8235400384458881
        },
        "sick_num3":{
            "accuracy":0.5664634146341463
        }
    },
    "ood_for_stsb":{
        "sick_num5":{
            "pearson":0.7823823991543463,
            "spearmanr":0.7596520976543399
        }
    },
    "ood_for_rte":{
        "mrpc":{
            "accuracy":0.6889106967615309
        },
        "qqp":{
            "accuracy":0.7464083942653039
        },
        "hans":{
            "accuracy":0.6811833333333334
        },
        "scitail":{
            "accuracy":0.7988464583254797
        }
    },
    "ood_for_mrpc":{
        "qqp":{
            "accuracy":0.6891752169310076,
            "f1":0.5966301043582657
        },
        "rte":{
            "accuracy":0.5139139862667148,
            "f1":0.13837283792440744
        },
        "hans":{
            "accuracy":0.52535,
            "f1":0.47707533831549176
        },
        "twitter":{
            "accuracy":0.8086666269297252,
            "f1":0.28507795100222716
        }
    },
    "ood_for_qnli":{
        "qnli_ood":{
            "accuracy":0.78098305793767
        }
    },
    "ood_for_qqp":{
        "mrpc":{
            "accuracy":0.637144259077527,
            "f1":0.6905210295040803
        },
        "rte":{
            "accuracy":0.5341525117455729,
            "f1":0.25448235974551764
        },
        "hans":{
            "accuracy":0.5488666666666666,
            "f1":0.4431598436535692
        },
        "twitter":{
            "accuracy":0.8182034928771532,
            "f1":0.5160266582037449
        }
    },
    "ood_for_sst2":{
        "imdb":{
            "accuracy":0.89922
        },
        "yelp_polarity":{
            "accuracy":0.9105083612040134
        },
        "amazon_polarity":{
            "accuracy":0.89367525
        },
        "flipkart":{
            "accuracy":0.9129637487136719
        }
    },
    "ood_for_cola":{
        "cola_ood":{
            "matthews_correlation":0.21227630621261132
        }
    }
}
