{
    "ood_for_mnli":{
        "mnli_mismatched":{
            "accuracy":0.880187144019528
        },
        "snli":{
            "accuracy":0.835889376867923
        },
        "sick_num3":{
            "accuracy":0.5665650406504065
        }
    },
    "ood_for_stsb":{
        "sick_num5":{
            "pearson":0.78538048436927,
            "spearmanr":0.7352600190183884
        }
    },
    "ood_for_rte":{
        "mrpc":{
            "accuracy":0.6987242394504416
        },
        "qqp":{
            "accuracy":0.768588785878954
        },
        "hans":{
            "accuracy":0.6277
        },
        "scitail":{
            "accuracy":0.8110604289968711
        }
    },
    "ood_for_mrpc":{
        "qqp":{
            "accuracy":0.6669874046443519,
            "f1":0.6608696090260793
        },
        "rte":{
            "accuracy":0.5439103722443079,
            "f1":0.3170995670995671
        },
        "hans":{
            "accuracy":0.5295,
            "f1":0.563030152931707
        },
        "twitter":{
            "accuracy":0.8561125350181796,
            "f1":0.6384062312762133
        }
    },
    "ood_for_qnli":{
        "qnli_ood":{
            "accuracy":0.8045095168374817
        }
    },
    "ood_for_qqp":{
        "mrpc":{
            "accuracy":0.6864573110893032,
            "f1":0.7615671641791044
        },
        "rte":{
            "accuracy":0.5731839537405132,
            "f1":0.3780937335439705
        },
        "hans":{
            "accuracy":0.5772,
            "f1":0.4573225516621743
        },
        "twitter":{
            "accuracy":0.8329260296834953,
            "f1":0.6553547276527726
        }
    },
    "ood_for_sst2":{
        "imdb":{
            "accuracy":0.92336
        },
        "yelp_polarity":{
            "accuracy":0.9534698996655518
        },
        "amazon_polarity":{
            "accuracy":0.93652275
        },
        "flipkart":{
            "accuracy":0.9269902117137548
        }
    },
    "ood_for_cola":{
        "cola_ood":{
            "matthews_correlation":0.2105833944478332
        }
    }
}
