{
    "ood_for_mnli":{
        "mnli_mismatched":{
            "accuracy":0.8370626525630595
        },
        "snli":{
            "accuracy":0.7514399668860233
        },
        "sick_num3":{
            "accuracy":0.5401422764227642
        }
    },
    "ood_for_stsb":{
        "sick_num5":{
            "pearson":0.7477018092085854,
            "spearmanr":0.695637289368174
        }
    },
    "ood_for_rte":{
        "mrpc":{
            "accuracy":0.616045142296369
        },
        "qqp":{
            "accuracy":0.6603261138430181
        },
        "hans":{
            "accuracy":0.567
        },
        "scitail":{
            "accuracy":0.7469370829720662
        }
    },
    "ood_for_mrpc":{
        "qqp":{
            "accuracy":0.6656220008113269,
            "f1":0.641842966338575
        },
        "rte":{
            "accuracy":0.5189736176364294,
            "f1":0.19284414796846572
        },
        "hans":{
            "accuracy":0.5018666666666667,
            "f1":0.4776286353467562
        },
        "twitter":{
            "accuracy":0.811587292126125,
            "f1":0.32413940560188154
        }
    },
    "ood_for_qnli":{
        "qnli_ood":{
            "accuracy":0.7731436937879105
        }
    },
    "ood_for_qqp":{
        "mrpc":{
            "accuracy":0.7112365063788028,
            "f1":0.7956951918069781
        },
        "rte":{
            "accuracy":0.5478857968919407,
            "f1":0.30615640599001664
        },
        "hans":{
            "accuracy":0.5097666666666667,
            "f1":0.5927054197014595
        },
        "twitter":{
            "accuracy":0.8068784645645825,
            "f1":0.4076782449725777
        }
    },
    "ood_for_sst2":{
        "imdb":{
            "accuracy":0.8956
        },
        "yelp_polarity":{
            "accuracy":0.9085083612040133
        },
        "amazon_polarity":{
            "accuracy":0.88679075
        },
        "flipkart":{
            "accuracy":0.9079745026604435
        }
    },
    "ood_for_cola":{
        "cola_ood":{
            "matthews_correlation":0.17178898962856093
        }
    }
}
