{
    "ood_for_mnli":{
        "mnli_mismatched":{
            "accuracy":0.8903580146460537
        },
        "snli":{
            "accuracy":0.8479756275519511
        },
        "sick_num3":{
            "accuracy":0.5892276422764228
        }
    },
    "ood_for_stsb":{
        "sick_num5":{
            "pearson":0.7915538382700811,
            "spearmanr":0.7457037115821027
        }
    },
    "ood_for_rte":{
        "mrpc":{
            "accuracy":0.6440137389597644
        },
        "qqp":{
            "accuracy":0.7233944137173615
        },
        "hans":{
            "accuracy":0.7270166666666666
        },
        "scitail":{
            "accuracy":0.7988464583254797
        }
    },
    "ood_for_mrpc":{
        "qqp":{
            "accuracy":0.6836764982338798,
            "f1":0.6635427958030331
        },
        "rte":{
            "accuracy":0.5247560534875316,
            "f1":0.18777022853613343
        },
        "hans":{
            "accuracy":0.5108333333333334,
            "f1":0.5947475974814977
        },
        "twitter":{
            "accuracy":0.7924539548190975,
            "f1":0.46331689272503085
        }
    },
    "ood_for_qnli":{
        "qnli_ood":{
            "accuracy":0.7998326709893328
        }
    },
    "ood_for_qqp":{
        "mrpc":{
            "accuracy":0.6447497546614328,
            "f1":0.7084172372130487
        },
        "rte":{
            "accuracy":0.5601734730755331,
            "f1":0.3212493028443949
        },
        "hans":{
            "accuracy":0.54265,
            "f1":0.3706625690892828
        },
        "twitter":{
            "accuracy":0.7907850032782977,
            "f1":0.4659160073037127
        }
    },
    "ood_for_sst2":{
        "imdb":{
            "accuracy":0.92588
        },
        "yelp_polarity":{
            "accuracy":0.959747491638796
        },
        "amazon_polarity":{
            "accuracy":0.94044875
        },
        "flipkart":{
            "accuracy":0.9238786389063651
        }
    },
    "ood_for_cola":{
        "cola_ood":{
            "matthews_correlation":0.22758519279754624
        }
    }
}
