{
    "ood_for_mnli":{
        "mnli_mismatched":{
            "accuracy":0.8291293734743694
        },
        "snli":{
            "accuracy":0.7480233341284429
        },
        "sick_num3":{
            "accuracy":0.5400406504065041
        }
    },
    "ood_for_stsb":{
        "sick_num5":{
            "pearson":0.7437451456037756,
            "spearmanr":0.7034481773696895
        }
    },
    "ood_for_rte":{
        "mrpc":{
            "accuracy":0.7031403336604515
        },
        "qqp":{
            "accuracy":0.6668192027228923
        },
        "hans":{
            "accuracy":0.6069833333333333
        },
        "scitail":{
            "accuracy":0.7107852376823613
        }
    },
    "ood_for_mrpc":{
        "qqp":{
            "accuracy":0.6403026645163206,
            "f1":0.6269646837907655
        },
        "rte":{
            "accuracy":0.5084929526563065,
            "f1":0.17375455650060753
        },
        "hans":{
            "accuracy":0.5025666666666667,
            "f1":0.5418598225524207
        },
        "twitter":{
            "accuracy":0.8077725457471538,
            "f1":0.3107501602906603
        }
    },
    "ood_for_qnli":{
        "qnli_ood":{
            "accuracy":0.7502196193265007
        }
    },
    "ood_for_qqp":{
        "mrpc":{
            "accuracy":0.665603532875368,
            "f1":0.731216722539933
        },
        "rte":{
            "accuracy":0.5243946512468377,
            "f1":0.19951338199513383
        },
        "hans":{
            "accuracy":0.5266,
            "f1":0.45085453561209493
        },
        "twitter":{
            "accuracy":0.8023484532395542,
            "f1":0.4063730755460079
        }
    },
    "ood_for_sst2":{
        "imdb":{
            "accuracy":0.88292
        },
        "yelp_polarity":{
            "accuracy":0.9052190635451505
        },
        "amazon_polarity":{
            "accuracy":0.88439375
        },
        "flipkart":{
            "accuracy":0.9034973493106256
        }
    },
    "ood_for_cola":{
        "cola_ood":{
            "matthews_correlation":0.22484851382964322
        }
    }
}
