{
    "ood_for_mnli":{
        "snli":{
            "accuracy":0.8393866898651587
        },
        "mnli_mismatched":{
            "accuracy":0.8891375101708706
        },
        "sick_num3":{
            "accuracy":0.5621951219512196
        }
    },
    "ood_for_stsb":{
        "sick_num5":{
            "pearson":0.7904686972364012,
            "spearmanr":0.7666531077393728
        }
    },
    "ood_for_rte":{
        "mrpc":{
            "accuracy":0.6587340529931305
        },
        "qqp":{
            "accuracy":0.777599956465385
        },
        "hans":{
            "accuracy":0.7831166666666667
        },
        "scitail":{
            "accuracy":0.847212274286576
        }
    },
    "ood_for_mrpc":{
        "qqp":{
            "accuracy":0.7348469857226252,
            "f1":0.7080992617725628
        },
        "rte":{
            "accuracy":0.5453559812070835,
            "f1":0.2948430493273542
        },
        "hans":{
            "accuracy":0.5235833333333333,
            "f1":0.4308157941896816
        },
        "twitter":{
            "accuracy":0.8558741133694939,
            "f1":0.6074675324675324
        }
    },
    "ood_for_qnli":{
        "qnli_ood":{
            "accuracy":0.8171846893955239
        }
    },
    "ood_for_qqp":{
        "mrpc":{
            "accuracy":0.6938174681059862,
            "f1":0.7730083666787922
        },
        "rte":{
            "accuracy":0.5554752439465125,
            "f1":0.32860262008733626
        },
        "hans":{
            "accuracy":0.5749666666666666,
            "f1":0.4593139125641352
        },
        "twitter":{
            "accuracy":0.8043154318412112,
            "f1":0.6192740345587382
        }
    },
    "ood_for_sst2":{
        "imdb":{
            "accuracy":0.9282
        },
        "yelp_polarity":{
            "accuracy":0.9589933110367893
        },
        "amazon_polarity":{
            "accuracy":0.94345625
        },
        "flipkart":{
            "accuracy":0.9224642876302788
        }
    },
    "ood_for_cola":{
        "cola_ood":{
            "matthews_correlation":0.2630178440915329
        }
    }
}
