{
    "ood_for_mnli":{
        "mnli_mismatched":{
            "accuracy":0.8317737998372661
        },
        "snli":{
            "accuracy":0.7705471523383238
        },
        "sick_num3":{
            "accuracy":0.5252032520325203
        }
    },
    "ood_for_stsb":{
        "sick_num5":{
            "pearson":0.7095109626212402,
            "spearmanr":0.6441371492750168
        }
    },
    "ood_for_rte":{
        "mrpc":{
            "accuracy":0.6533366045142296
        },
        "qqp":{
            "accuracy":0.6552206908151856
        },
        "hans":{
            "accuracy":0.53705
        },
        "scitail":{
            "accuracy":0.6537113130018471
        }
    },
    "ood_for_mrpc":{
        "qqp":{
            "accuracy":0.6187876599155032,
            "f1":0.6224919961885446
        },
        "rte":{
            "accuracy":0.5157209974701843,
            "f1":0.23950056753688992
        },
        "hans":{
            "accuracy":0.4873,
            "f1":0.5699667291078369
        },
        "twitter":{
            "accuracy":0.810454789294868,
            "f1":0.42160785740269185
        }
    },
    "ood_for_qnli":{
        "qnli_ood":{
            "accuracy":0.7831332357247438
        }
    },
    "ood_for_qqp":{
        "mrpc":{
            "accuracy":0.6484298331697743,
            "f1":0.7123067657096969
        },
        "rte":{
            "accuracy":0.5294542826165523,
            "f1":0.25
        },
        "hans":{
            "accuracy":0.5156166666666666,
            "f1":0.4106183204558821
        },
        "twitter":{
            "accuracy":0.8061631996185253,
            "f1":0.5326243173325668
        }
    },
    "ood_for_sst2":{
        "imdb":{
            "accuracy":0.88122
        },
        "yelp_polarity":{
            "accuracy":0.9011622073578596
        },
        "amazon_polarity":{
            "accuracy":0.884019
        },
        "flipkart":{
            "accuracy":0.9078720841197614
        }
    },
    "ood_for_cola":{
        "cola_ood":{
            "matthews_correlation":0.17661584304041925
        }
    }
}
