{
    "ood_for_mnli":{
        "mnli_mismatched":{
            "accuracy":0.8275020341741253
        },
        "snli":{
            "accuracy":0.7375366568914956
        },
        "sick_num3":{
            "accuracy":0.5251016260162602
        }
    },
    "ood_for_stsb":{
        "sick_num5":{
            "pearson":0.6923070024922175,
            "spearmanr":0.6328750933357138
        }
    },
    "ood_for_rte":{
        "mrpc":{
            "accuracy":0.5922473012757605
        },
        "qqp":{
            "accuracy":0.6933406880448011
        },
        "hans":{
            "accuracy":0.5036166666666667
        },
        "scitail":{
            "accuracy":0.7073170731707317
        }
    },
    "ood_for_mrpc":{
        "qqp":{
            "accuracy":0.6576324095419961,
            "f1":0.6253704721201968
        },
        "rte":{
            "accuracy":0.5348753162269606,
            "f1":0.31868713605082055
        },
        "hans":{
            "accuracy":0.4992666666666667,
            "f1":0.6203497775980591
        },
        "twitter":{
            "accuracy":0.7978780473266973,
            "f1":0.2749625828522557
        }
    },
    "ood_for_qnli":{
        "qnli_ood":{
            "accuracy":0.764099560761347
        }
    },
    "ood_for_qqp":{
        "mrpc":{
            "accuracy":0.6064769381746811,
            "f1":0.6883015934706568
        },
        "rte":{
            "accuracy":0.537043729671124,
            "f1":0.33246482542991146
        },
        "hans":{
            "accuracy":0.48278333333333334,
            "f1":0.5583936931680731
        },
        "twitter":{
            "accuracy":0.7935268522381832,
            "f1":0.5032979638657872
        }
    },
    "ood_for_sst2":{
        "imdb":{
            "accuracy":0.8293
        },
        "yelp_polarity":{
            "accuracy":0.8839247491638796
        },
        "amazon_polarity":{
            "accuracy":0.867323
        },
        "flipkart":{
            "accuracy":0.7176564687062588
        }
    },
    "ood_for_cola":{
        "cola_ood":{
            "matthews_correlation":0.10218511129651067
        }
    }
}
