{
    "ood_for_mnli":{
        "mnli_mismatched":{
            "accuracy":0.8687957689178194
        },
        "snli":{
            "accuracy":0.8189254795212505
        },
        "sick_num3":{
            "accuracy":0.5387195121951219
        }
    },
    "ood_for_stsb":{
        "sick_num5":{
            "pearson":0.7672191417833907,
            "spearmanr":0.730865504660555
        }
    },
    "ood_for_rte":{
        "mrpc":{
            "accuracy":0.7082924435721295
        },
        "qqp":{
            "accuracy":0.7458394760015435
        },
        "hans":{
            "accuracy":0.5472833333333333
        },
        "scitail":{
            "accuracy":0.8090247672183059
        }
    },
    "ood_for_mrpc":{
        "qqp":{
            "accuracy":0.6623296955545221,
            "f1":0.6482392896346647
        },
        "rte":{
            "accuracy":0.5189736176364294,
            "f1":0.21382161842882458
        },
        "hans":{
            "accuracy":0.50595,
            "f1":0.5703228050848687
        },
        "twitter":{
            "accuracy":0.8387077546641235,
            "f1":0.5264263213160658
        }
    },
    "ood_for_qnli":{
        "qnli_ood":{
            "accuracy":0.7955406818657185
        }
    },
    "ood_for_qqp":{
        "mrpc":{
            "accuracy":0.6538272816486752,
            "f1":0.7247903257265458
        },
        "rte":{
            "accuracy":0.5475243946512468,
            "f1":0.272938443670151
        },
        "hans":{
            "accuracy":0.54865,
            "f1":0.41805092940797245
        },
        "twitter":{
            "accuracy":0.8298861536627525,
            "f1":0.6274151436031331
        }
    },
    "ood_for_sst2":{
        "imdb":{
            "accuracy":0.91472
        },
        "yelp_polarity":{
            "accuracy":0.9391521739130435
        },
        "amazon_polarity":{
            "accuracy":0.92727175
        },
        "flipkart":{
            "accuracy":0.9295311669373443
        }
    },
    "ood_for_cola":{
        "cola_ood":{
            "matthews_correlation":0.22814278166624585
        }
    }
}
