{
    "ood_for_mnli":{
        "snli":{
            "accuracy":0.7906575790315565
        },
        "mnli_mismatched":{
            "accuracy":0.8696094385679414
        },
        "sick_num3":{
            "accuracy":0.552540650406504
        }
    },
    "ood_for_stsb":{
        "sick_num5":{
            "pearson":0.7685317377487029,
            "spearmanr":0.7310611935826782
        }
    },
    "ood_for_rte":{
        "mrpc":{
            "accuracy":0.6010794896957802
        },
        "qqp":{
            "accuracy":0.8068101989729789
        },
        "hans":{
            "accuracy":0.6576833333333333
        },
        "scitail":{
            "accuracy":0.8193161684321635
        }
    },
    "ood_for_mrpc":{
        "qqp":{
            "accuracy":0.7496067043307048,
            "f1":0.7014557380143451
        },
        "rte":{
            "accuracy":0.5392121431152873,
            "f1":0.2676622630672027
        },
        "hans":{
            "accuracy":0.5347,
            "f1":0.4993723774342789
        },
        "twitter":{
            "accuracy":0.8415092090361805,
            "f1":0.543519313304721
        }
    },
    "ood_for_qnli":{
        "qnli_ood":{
            "accuracy":0.8028947918845429
        }
    },
    "ood_for_qqp":{
        "mrpc":{
            "accuracy":0.7011776251226692,
            "f1":0.7842720510095644
        },
        "rte":{
            "accuracy":0.5558366461872064,
            "f1":0.30838491840180077
        },
        "hans":{
            "accuracy":0.5723833333333334,
            "f1":0.5140811727050624
        },
        "twitter":{
            "accuracy":0.8237467962090957,
            "f1":0.6186976144422953
        }
    },
    "ood_for_sst2":{
        "imdb":{
            "accuracy":0.92226
        },
        "yelp_polarity":{
            "accuracy":0.952675585284281
        },
        "amazon_polarity":{
            "accuracy":0.9345215
        },
        "flipkart":{
            "accuracy":0.9312722821289401
        }
    },
    "ood_for_cola":{
        "cola_ood":{
            "matthews_correlation":0.19935263666856778
        }
    }
}
