{
    "ood_for_mnli":{
        "mnli_mismatched":{
            "accuracy":0.8927990235964198
        },
        "snli":{
            "accuracy":0.843108504398827
        },
        "sick_num3":{
            "accuracy":0.5721544715447154
        }
    },
    "ood_for_stsb":{
        "sick_num5":{
            "pearson":0.8290345878776566,
            "spearmanr":0.7937166893115684
        }
    },
    "ood_for_rte":{
        "mrpc":{
            "accuracy":0.6430323846908734
        },
        "qqp":{
            "accuracy":0.758538721071743
        },
        "hans":{
            "accuracy":0.7404833333333334
        },
        "scitail":{
            "accuracy":0.8342820522486523
        }
    },
    "ood_for_mrpc":{
        "qqp":{
            "accuracy":0.6900755919223501,
            "f1":0.6660536521009074
        },
        "rte":{
            "accuracy":0.5283700758944705,
            "f1":0.23817863397548164
        },
        "hans":{
            "accuracy":0.5443,
            "f1":0.5494215747668172
        },
        "twitter":{
            "accuracy":0.8512248912201228,
            "f1":0.5910878112712974
        }
    },
    "ood_for_qnli":{
        "qnli_ood":{
            "accuracy":0.8043589207278812
        }
    },
    "ood_for_qqp":{
        "mrpc":{
            "accuracy":0.7409224730127576,
            "f1":0.8266009852216749
        },
        "rte":{
            "accuracy":0.5692085290928803,
            "f1":0.37197049525816656
        },
        "hans":{
            "accuracy":0.6136,
            "f1":0.53404614518852
        },
        "twitter":{
            "accuracy":0.84818501519938,
            "f1":0.6738378793699578
        }
    },
    "ood_for_sst2":{
        "imdb":{
            "accuracy":0.94018
        },
        "yelp_polarity":{
            "accuracy":0.963304347826087
        },
        "amazon_polarity":{
            "accuracy":0.95058
        },
        "flipkart":{
            "accuracy":0.9326037231578075
        }
    },
    "ood_for_cola":{
        "cola_ood":{
            "matthews_correlation":0.3784994446507382
        }
    }
}
